"Card","Type","Act","Qty","Summons","Gold Reward","Card Reward","Potion Reward","Relic Reward","Ascension","Unlocks","pt-BR"
"Living Wall","Event","I","1","","","","","","","","Parede Viva"
"Ancient Temple","Event","I","1","","","","","","","","Templo Antigo"
"Bonfire Spirits","Event","I","1","","","","","","","","Espiritos da Fogueira"
"The Library","Event","I","1","","","","","","","","A Biblioteca"
"Big Fish","Event","I","1","","","","","","","","Peixe Grande"
"Wheel of Change","Event","I","1","","","","","","","","Roda da Mudança"
"Transmogriphier","Event","I","1","","","","","","","","Transmogrificador"
"The Cleric","Event","I","1","","","","","","","","O Clérigo"
"Lab","Event","I","1","","","","","","","","Laboratório"
"Upgrade Shrine","Event","I","1","","","","","","","","Santuário da Majoração"
"Wing Statue","Event","I","1","","","","","","","","Estátua Alada"
"Ominous Forge","Event","I","1","","","","","","","","Forja Sinitra"
"Encouter","Event","I","2","","","","","","3","","Encontro!"
"Merchant","Event","I","1","","","","","","3","","O Vendedor"
"Dead Adventurer","Event","I","1","","","","","","3","","Aventureiro Morto"
"Scrap Ooze","Event","I","1","","","","","","3","","Gosma de Sucata"
"World of Goop","Event","I","1","","","","","","3","","Mundo de Gosma"
"Cultist","First Monster","I","1","","1","1 common","","","","","Cultista"
"Jaw Worm","First Monster","I","1","","1","1 common","1","","","","Vorme Mandíbula"
"Red Louse","First Monster","I","1","Green Louse","1","","","","","","Piolho Vermelho"
"Small Slime","First Monster","I","1","Acid Slime","","1 common","1","","","","Gosma Pequena"
"Cultist","Monster","I","1","Green Louse","1","1 common","","","","","Cultista"
"Cultist","Monster","I","1","Spike Slime","1","1 common","1","","","","Cultista"
"Looter","Monster","I","1","","","1 common","1","","","","Saqueador"
"Blue Slaver","Monster","I","1","","2","1 common","","","","","Escravista Azul"
"Red Slaver","Monster","I","1","","1","1 common","","","","","Escravista Vermelho"
"Small Slime","Monster","I","1","Acid Slime, Spike Slime","1","1 common","","","","","Gosma Pequena"
"Large Slime","Monster","I","1","Acid Slime (action)","1","1 common","1","","","","Gosma Grande"
"Jaw Worm","Monster","I","1","","1","1 common","","","","","Vorme Mandíbula"
"Mad Gremlin","Monster","I","1","3 random gremlins (solo: 2)","2","1 common","","","","","Gremlin Louco"
"Sneaky Gremlin","Monster","I","1","3 random gremlins (solo: 2)","1","1 common","1","","","","Gremlin Furtivo"
"Fungi Beast","Monster","I","1","Fungi Beast","1","1 common","1","","","","Besta Fungo"
"Red Louse","Monster","I","1","Green Louse, Red Louse","1","1 common","","","","","Piolho Vermelho"
"Large Slime","Monster","I","1","","1","1 common","1","","7","","Gosma Grande"
"Jaw Worm","Monster","I","1","Gosma Espinho","1","1 common","","","7","","Vorme Mandíbula"
"Looter","Monster","I","1","Gosma Ácida","","1 common","1","","7","","Saqueador"
"Fungi Beast","Summon","I","1","-","","","","","","","Besta Fungo"
"Red Louse","Summon","I","1","-","","","","","","","Piolho Vermelho"
"Green Louse","Summon","I","2","-","","","","","","","Piolho Verde"
"Spike Slime","Summon","I","4","-","","","","","","","Gosma Espinho"
"Acid Slime","Summon","I","4","-","","","","","","","Gosma Ácida"
"Large Slime","Summon","I","4","-","","","","","","","Gosma Grande"
"Sentry A","Summon","I","6","-","","","","","","","Sentinela A"
"Sentry B","Summon","I","5","-","","","","","","","Sentinela B"
"Gremlin Wizard","Gremlin","I","2","-","","","","","","","Gremlin Mago"
"Mad Gremlin","Gremlin","I","2","-","","","","","","","Gremlin Louco"
"Sneaky Gremlin","Gremlin","I","2","-","","","","","","","Gremlin Furtivo"
"Fat Gremlin","Gremlin","I","2","-","","","","","","","Gremlin Gordo"
"Gremlin Nob","Elite","I","1","","2","1 common","","1","","","Gremlin Nobre"
"Lagavulin","Elite","I","1","","2","1 common","","1","","","Lagavulin"
"Sentries","Elite","I","1","Sentry A, Sentry B","2","1 common","","1","","","Sentinelas"
"Gremlin Nob","Elite","I","1","","2","1 common","","1","1","","Gremlin Nobre"
"Lagavulin","Elite","I","1","","2","1 common","","1","1","","Lagavulin"
"Sentries","Elite","I","1","Sentry A, Sentry B","2","1 common","","1","1","","Sentinelas"
"Gremlin Nob","Elite","I","1","","2","1 common","","1","12","","Gremlin Nobre"
"Lagavulin","Elite","I","1","","2","1 common","","1","12","","Lagavulin"
"Sentries","Elite","I","1","","2","1 common","","1","12","","Sentinelas"
"Knowing Skull","Event","II","1","","","","","","","","Crânio do Conhecimento"
"We Meet Again!","Event","II","1","","","","","","","","Nos encontramos de novo!"
"Wheel of Change","Event","II","1","","","","","","","","Roda da Mudança"
"Designer In-Spire","Event","II","1","","","","","","","","Designer no Pináculo"
"Cursed Tome","Event","II","1","","","","","","","","Tomo Amaldiçoado"
"Colosseum","Event","II","1","","","","","","","","O Coliseu"
"Ancient Writing","Event","II","1","","","","","","","","Inscrição Ancestral"
"A Note For Yourself","Event","II","1","","","","","","","","Um Recado para Você"
"The Joust","Event","II","1","","","","","","","","A Justa (esse é o nome do combate mesmo)"
"The Woman In Blue","Event","II","1","","","","","","","","A Mulher de Azul"
"N'loth","Event","II","1","","","","","","","","N'loth"
"Augmenter","Event","II","1","","","","","","","","Aprimorador"
"Golden Shrine","Event","II","1","","","","","","","","Santuário Dourado"
"Old Beggar","Event","II","1","","","","","","","","Velho Pedinte"
"Encounter","Event","II","2","","","","","","3","","Encontro!"
"Merchant","Event","II","1","","","","","","3","","O Vendedor"
"The Mausoleum","Event","II","1","","","","","","3","","O Mausoléu"
"Forgotten Altar","Event","II","1","","","","","","3","","Altar Esquecido"
"Chosen","Monster","II","1","Cultist","1","1 common","1","","","","Escolhido"
"Chosen","Monster","II","1","Byrd","2","1 common","","","","","Escolhido"
"Looter","Monster","II","1","Mugger","","1 common","1","","","","Saqueador"
"Looter","Monster","II","1","Mugger","","1 common","1","","","","Saqueador"
"Cultist","Monster","II","1","2 Cultists","2","1 common","","","","","Cultista"
"Snake Plant","Monster","II","1","","1","1 common","","","","","Planta Cobra"
"Shelled Parasite","Monster","II","1","","","1 common","1","","","","Parasita com Casca"
"Snecko","Monster","II","1","","1","1 common","","","","","Cortixa"
"Byrd","Monster","II","1","2 Byrds","1","1 common","","","","","Páçaro"
"Spheric Guardian","Monster","II","1","","1","1 common","","","","","Guardião Esférico"
"Centurion","Monster","II","1","Mystic","1","1 common","","","","","Centurião"
"Centurion","Monster","II","1","Mystic","1","1 common","1","","","","Centurião"
"Shelled Parasite","Monster","II","1","Fungi Beast (ascension 7)","","1 common","1","","7","","Parasita com Casca"
"Spheric Guardian","Monster","II","1","Sentry A (ascension 7)","1","1 common","","","7","","Guardião Esférico"
"Snake Plant","Monster","II","1","","1","1 common","","","7","","Planta Cobra"
"Byrd","Summon","II","3","-","","","","","","","Páçaro"
"Cultist","Summon","II","4","-","","","","","","","Cultista"
"Bronze Orb","Summon","II","4","-","","","","","","","Orbe de Bronze"
"Mystic","Summon","II","2","-","","","","","","","Místico"
"Mugger","Summon","II","2","-","","","","","","","Assaltante"
"Torch Head","Summon","II","8","-","","","","","","","Cabeça de Tocha"
"Blue Slaver","Summon","II","4","-","","","","","","","Escravista Azul"
"Red Slaver","Summon","II","4","-","","","","","","","Escravista Vermelho"
"Fungi Beast","Summon","II","1","-","","","","","7","","Besta Fungo"
"Sentry A","Summon","II","1","-","","","","","7","","Sentinela A"
"Book of Stabbing","Elite","II","1","","2","1 upgraded","","1","","","Livro de Punhaladas"
"Taskmaster","Elite","II","1","1 blue+1 red slaver per player","2","1 upgraded","","1","","","Capataz"
"Gremlin Leader","Elite","II","1","2 gremlins per player","2","1 upgraded","","1","","","Gremlin Lider"
"Book of Stabbing","Elite","II","1","","2","1 upgraded","","1","1","","Livro de Punhaladas"
"Gremlin Leader","Elite","II","1","2 gremlins per player","2","1 upgraded","","1","1","","Gremlin Lider"
"Taskmaster","Elite","II","1","1 blue + 1 red slaver per player","2","1 upgraded","","1","1","","Captaz"
"Book of Stabbing","Elite","II","1","","2","1 upgraded","","1","12","","Livro de Punhaladas"
"Gremlin Leader","Elite","II","1","2 gremlins per player","2","1 upgraded","","1","12","","Gremlin Lider"
"Taskmaster","Elite","II","1","1 blue + 1 red slaver per player","2","1 upgraded","","1","12","","Captaz"
"Bonfire Spirits","Event","III","1","","","","","","","","Espiritos da Fogueira"
"Wheel of Change","Event","III","1","","","","","","","","Roda da Mudança"
"Purifier","Event","III","1","","","","","","","","Purificador"
"Falling","Event","III","1","","","","","","","","Caindo"
"A Note For Yourself","Event","III","1","","","","","","","","Um Recado para Você"
"Face Trader","Event","III","1","","","","","","","","Negociante de Faces"
"Tomb of Lord Red Mask","Event","III","1","","","","","","","","Tuma do Sr. Máscara Vermelha"
"The Moai Head","Event","III","1","","","","","","","","A Cabeça Moai"
"Mind Bloom","Event","III","1","","","","","","","","Desabrochar da Mente"
"Winding Halls","Event","III","1","","","","","","","","Corredores Sinuosos"
"Secret Portal","Event","III","1","","","","","","","","Portal Secreto"
"Merchant","Event","III","1","","","","","","3","","O Vendedor"
"Encounter","Event","III","1","","","","","","3","","Encontro!"
"Sensory Stone","Event","III","1","","","","","","","C","Pedra Sensorial"
"Writhing Mass","Monster","III","1","","","1 common","1","","","","Massa Retorcida"
"Maw","Monster","III","1","","1","","1","","","","O Bocarra"
"Darkling","Monster","III","1","2 Darklings","","1 common","1","","","","Sombrio"
"Transient","Monster","III","1","","2","1 common","","","","","Transitório"
"Orb Walker","Monster","III","2","","1","1 common","","","","","Orbe Caminhante"
"Jaw Worm","Monster","III","1","2 Jaw Worms","2","1 common","","","","","Vorme Mandíbula"
"Spire Growth","Monster","III","1","","1","1 common","1","","","","Serpente"
"Repulsor","Monster","III","1","Exploder, Spiker","","1 common","1","","","","Repulsor"
"Exploder","Monster","III","1","Repulsor, Spiker","1","1 common","","","","","Detonador"
"Exploder","Monster","III","1","Repulsor, 2 Spikers (Asc 7)","1","1 common","","","7","","Detonador"
"Repulsor","Monster","III","1","Exploder (regular) Spheric Guardian (Asc 7)","","1 common","1","","7","","Repulsor"
"Maw","Monster","III","1","","1","1 common","","","7","","O Bocarra"
"Spiker","Summon","III","2","-","","","","","","","Espinhoso"
"Darkling","Summon","III","2","-","","","","","","","Sombrio"
"Exploder","Summon","III","1","-","","","","","","","Detonador"
"Repulsor","Summon","III","1","-","","","","","","","Repulsor"
"Jaw Worm","Summon","III","2","-","","","","","","","Vorme Mandíbula"
"Cultist","Summon","III","4","-","","","","","","","Cultista"
"Dagger","Summon","III","8","-","","","","","","","Adaga"
"Spheric Guardian","Summon","III","1","","","","","","7","","Guardião Esférico"
"Reptomancer","Elite","III","1","Daggers (action)","3","1 upgraded","","1","","","Reptomante"
"Nemesis","Elite","III","1","","3","1 upgraded","","1","","","Nêmesis"
"Giant Head","Elite","III","1","","3","1 upgraded","","1","","","Cabeça Gigante"
"Reptomancer","Elite","III","1","Daggers (action)","3","1 upgraded","","1","1","","Reptomante"
"Nemesis","Elite","III","1","","3","1 upgraded","","1","1","","Nêmesis"
"Giant Head","Elite","III","1","","3","1 upgraded","","1","1","","Cabeça Gigante"
"Reptomancer","Elite","III","1","Daggers (action)","3","1 upgraded","","1","12","","Reptomante"
"Nemesis","Elite","III","1","","3","1 upgraded","","1","12","","Nêmesis"
"Giant Head","Elite","III","1","","3","1 upgraded","","1","12","","Cabeça Gigante"